<?xml version="1.0" encoding="UTF-8"?>
<!--
To change this template, choose Tools | Templates
and open the template in the editor.
-->
<root>

    
  
    
    
	








    <fields>
        

        <receipt_id name="receipt_id"  type="text"  title="receipt_id"/> 
        
      
        <extension_id name="extension_id"  type="text"  title="extension_id"/> 
        
        

        <extension_amount name="extension_amount"  type="text"  title="extension_amount"/> 

        <paid_amount name="paid_amount"  type="text"  title="paid_amount"/> 
        <remarks name="remarks"  type="textarea"  title="remarks"/> 

        
        
    </fields>
    
    
 
    
    <listfields >   
        <receipt_id   list-width="1"/>

        <extension_id  list-width="1"/>
        <extension_amount list-width="4"/>
        <paid_amount list-width="1"/>

        <mobile list-width="1"/>
        <remarks list-width="1"/>
        
    </listfields>
    
   
</root>


    

