<?xml version="1.0" encoding="UTF-8"?>
<!--
To change this template, choose Tools | Templates
and open the template in the editor.
-->
<root>
    
    <fields>
     <title name="title"  type="text" title="title" pclass="col-6" />
        
        <alias name="alias"  type="text"  title="Alias" pclass="col-6"/>
                <des name="des"  type="text" title="Description" />

        <image  name="image"  type="pic" title="Image" pclass="col-6" />
        <!-- <dec name="dec"  type="tinyeditor" title="Dec" />-->
        <order name="order"  type="order" title="Order" pclass="col-3" />
        <enabled name="enabled"  type="enable" title="enable" value='1' pclass="col-3" />
        
       
    </fields>
    


    

      
    <group>    
        <com_html title="html"  parent="yes" />
        <com_html_categories title="category"  />
    </group>
   
    
    
       
    <listfields  multiLevel="yes" >   
        <title list-width="6" />
        <image list-width="3" />
     
        <enabled list-width="1" />
    </listfields>
    
    

</root>


    

