<?xml version="1.0" encoding="UTF-8"?>
<!--
To change this template, choose Tools | Templates
and open the template in the editor.
-->
<root>
    
    <fields>
        <title name="title"  type="text"  title="Title"/>
        <my_body name="my_body"  type="editor" title="body" />
        <enabled name="enabled"  type="enable" title="enable" />
    </fields>
    


    <selectfields>
        <title/>
    </selectfields>
    
    
    
       
    <listfields>   
        <title  list-width="5"/>
        <my_body  list-width="4"/>
        <enabled list-width="1"/>
    </listfields>
    
    

</root>


    

