<?xml version="1.0" encoding="UTF-8"?>
<!--
To change this template, choose Tools | Templates
and open the template in the editor.
-->


<root>
    <fields>
        <title name="title"  type="text"  title="title"/>
        <address name="address"  type="textarea"  title="address"/>
        <mapaddress  name="mapaddress"  zoom ='15'  center='[30.0366175, 31.203450900000007]' type="map"  title="mapaddress "/>
        
        <enabled name="enabled"  type="enable" title="enable" pclass='_50' />
    </fields>
    
   
    <selectfields>
        <title />    
        <enabled/>
    </selectfields>
    
    <listfields>   
        <title list-width="9"/>
        <enabled list-width="1"/>
    </listfields>
    
</root>
