<?xml version="1.0" encoding="UTF-8"?>
<!--
To change this template, choose Tools | Templates
and open the template in the editor.
-->
<root>
    
    <fields>
        <title name="title"  type="text"  title="Title"/>
        <url name="url"  type="textarea" title="url" />
        <image name="image"  type="pic" title="image" />
        
           <phone name="phone"  type="phone" title="phone" />
              <number name="number"  type="number" title="number" />  
              <address name="address"  type="editor" title="address" />
                 <des name="des"  type="editor" title="des" />

        <enabled name="enabled"  type="enable" title="enable" />
        
        
        				
        
        
        
    </fields>
    


    <selectfields>
        <title/>
    </selectfields>
    
    
    
       
    <listfields>   
        <title  list-width="7"/>
        <image  list-width="2"/>
        <enabled list-width="1"/>
    </listfields>
    
     <group>
        <com_project title="Projects" parent="yes" />
         <plg_rescores title="rescores" parent="yes" />
        
        
    </group>




</root>


    

