<?xml version="1.0" encoding="UTF-8"?>
<!--
To change this template, choose Tools | Templates
and open the template in the editor.
-->


<root>
    <fields>
        <ins_title name="ins_title"  type="text"  title="Title" pclass="col-6"/>
                <line1  type="line" style='background-color:transparent' /> 

        <ins_alias name="ins_alias"   title="Select Component"  type="select" comment="Select from available list of components that can be installed"
                   select_type="DIR" select_data="../components/" select_text="dir" pclass="col-6" />
            <line2  type="line" style='background-color:transparent' /> 

        <enabled name="enabled"  type="enable" title="enable" pclass="col-3" value='1' />

            <order name="order"  type="order" title="order" pclass="col-3" />

        <ins_for name="ins_for"   type="hidden" value="fornt" />
        <ins_type  name="ins_type"  type="hidden"  value="@%get::type%@" />   
    </fields>
   
    <selectfields>
    </selectfields>
    
    <listfields view="ins_type='component'" addtolink="type=component">   
        <ins_title  list-width="8"/>
        <order  list-width="1"/>   
        <enabled  list-width="1"/>
    </listfields>
</root>
