<?xml version="1.0" encoding="UTF-8"?>
<!--
To change this template, choose Tools | Templates
and open the template in the editor.
-->
<root>
    
    <fields>
        <name name="name"  type="text"  title="Title"/>
        <alias name="alias"  type="text"  title="Alias"/>
        <image  name="image"  type="pic" title="Image"  pclass='_50'/>
        <order name="order"  type="order" title="Order"   pclass='_50' />
        <enabled name="enabled"  type="enable" title="enable" value='1'  pclass='_50' />
            
        <des name="des"  type="editor" title="Description" />
     

    </fields>
    



    
    

      
    <group>
        <com_products_order title="Order"  />
        <com_products title="Products" parent="yes" />
        <com_products_price title=" Price"  />
        <com_products_categories title="Categories "  />
        <plg_shipping title="Shipping"  />
        <plg_shipper title="Shipper"  />
        <plg_coupon title="Create Coupon"  />
        <plg_shipping_setting title="Shipping Setting"  />
        <com_products_setting title=" Setting"  />
        <com_order_status title="Order Status"  />

    </group>
   
    
    
    
       
    <listfields  multiLevel="yes" >   
        <name list-width="6"/>
        <image list-width="2"/>
        <order list-width="1"/>
        <enabled list-width="1"/>
    </listfields>
    
    

</root>


    

