<?xml version="1.0" encoding="UTF-8"?>
<!--
To change this template, choose Tools | Templates
and open the template in the editor.
-->




<root>
    
    <name>الاسم </name>

    <password>كلمة السر</password> 
      
    <forget> نسبت كلمة السر</forget> 
    <newreg>تسجيل جديد</newreg> 
    <submit>دخول</submit> 
        
    <logout>خروج</logout> 
    <welcome>مرحبا</welcome> 
 
    <messages>رسائل جديدة</messages> 
    <date>التاريخ</date> 
    <news>أخبار جديدة</news> 
     <news>أخبار جديدة</news> 
    
  
    
</root>

    

