<?xml version="1.0" encoding="UTF-8"?>
<root>
    
    <plugins >   
        <fiz_reservations_search name="fiz_reservations_search"  options="type=>list__3=>ssdfdsf" position="list"/>
      
    </plugins>
    
    
    
    
    
    
    
    
    <fields>
            <name name="name"  type="text"  title="name"/> 
            <Title name="Title"  type="text"  title="Title"/> 
            <Gender name="Gender"  type="text"  title="Gender"/> 
            <Mumin_id name="Mumin_id"  type="Mumin_id"  title="Mumin_id"/> 

        <reservation_id name="reservation_id"  type="text"  title="Res id"/> 
        <email name="email"  type="text"  title="email"/> 
        <remarks name="editor"  type="textarea"  title="remarks"/> 
           
        
         
        <raza_type name="raza_type"  
                   type="select" select_type='DB' 
                   select_data="fiz_raza_types" 
                   select_text='title' 
                   select_value='id'  
                   title="raza type"
                   pclass='_50'/>
        
        
        
        
        
          
        <myreservation_id 
         
            name="myreservation_id"  
            type="getXrefData" 
            
            
            title="Osdfsdfsdrder" 
            getData= "fiz_reservation_users_xref"
            pclass='_100'
            xrefmyid="reservation_id"
            xrefType="o2m"
            
        /> 
        
        
        
        
    </fields>
    
    <group>
        <fiz_reservations title="Reservations" parent="yes" />
    </group>
    
    <selectfields>
        
        <raza_type  />
        <name  />
        <Title  />
                <Mumin_id  />

        
    </selectfields>
    
    
    
    <listfields   xrefopend ='true'  actions ='false'>   
        <reservation_id    list-width="1"/>
        <remarks    list-width="1"/>
        <raza_type    list-width="1.5"/>
        <email    list-width="2"/>
                
        <myreservation_id list-width="11"/>

    </listfields>
    
   
</root>


    


    
    


 