<?xml version="1.0" encoding="UTF-8"?>
<!--
To change this template, choose Tools | Templates
and open the template in the editor.
-->
<root>
    
    <fields>
        <title name="title"  type="text"  title="Title" pclass='_50'/>      
        <alias name="alias"  type="text"  title="Alias" pclass='_50'/>
        <image  name="image"  type="pic" title="image" />
        <order name="order"  type="order" title="Order" pclass='_50' />
        <enabled name="enabled"  type="enable" title="enable"  pclass='_50' />
    </fields>
    



    

    <group>
        <com_events title="Events" parent="yes" />
        <com_events_categories title="Events Categories"  />
    </group>
    
    
       
    <listfields  multiLevel="yes" >   
        <title  list-width="6"/>
        <image  list-width="2"/>
        <order  list-width="1"/>
        <enabled list-width="1"/>
    </listfields>
    
    

</root>


    

