<?xml version="1.0" encoding="UTF-8"?>
<!--
To change this template, choose Tools | Templates
and open the template in the editor.
-->
<root>
    
    <fields>
        <men_title name="men_title"  type="text"  title="Title" pclass="col-6"/>
                        <line1  type="line" style='background-color:transparent' /> 

        <men_alias  name="men_alias"  type="text" title="alias" pclass="col-6" />
                        <line2 type="line" style='background-color:transparent' /> 

        <enabled name="enabled"  type="enable" title="enable" value="1" pclass="col-3"/>
    </fields>
    


    <selectfields>

    </selectfields>
    
    
    <children>
        <menu_itmes/>
    </children>
    
       
    <listfields multiLevel="yes" >   
        <men_title list-width="7" />
        <men_alias list-width="2"/>
        <enabled list-width="1" />
    </listfields>
    
    
     
     
     

</root>


    

