<?xml version="1.0" encoding="UTF-8"?>
<!--
To change this template, choose Tools | Templates
and open the template in the editor.
-->


<root>
    
    
    <fields>
        <title name="title"  type="text"  title="Title"/>
        <intro name="intro"  type="editor" title="Intor" />
        
        <emails name="emails"  type="textarea"  title="lng__emails"/>
        <failure_message name="failure_message"  type="editor" editor_type='textarea'  title="failure_message" />
        <success_message name="success_message"   type="editor" editor_type='textarea'  title="success_message"/>
        
     
        
        
        
        <fileds_line name="line"  type="line" />
        
        
        <fileds_names name="fileds_names"  type="fields" title="fields names"    />
      
   
 <order name="order"  type="order" title="order" pclass='_50' />

        <enabled name="enabled"  type="enable" title="enable" pclass='_50' />
        
       
        
    </fields>
    
    
   

    <selectfields>
    
                
                
    </selectfields>
    
    
    
    
    
    
    
           
    <group>
        <com_contect />
        <com_contect title='Contect' parent='yes'/>
        <com_contect_messages title='Messages'  />
    </group>
    
    
    <listfields >   
        <title list-width="6" />
        <intro list-width="3" />
        <enabled list-width="1"  />
                
    </listfields>





    
</root>
