<?xml version="1.0" encoding="UTF-8"?>
<!--
To change this template, choose Tools | Templates
and open the template in the editor.
-->
<root>
    
    <fields>  
        
        <email   name="email"  type="text"  title="Email"/>

        
      
     
        
        
        <group 
            name="group" 
            type="select" 
            select_type='DB' 
            select_data="com_newsLetter_group" 
            select_text='title' 
            select_value='id'  
            comment="Select the group"
            title="Group"/>
        
        
    
    </fields>
    


    <selectfields >
        <group />
    </selectfields>
    
    
  
    
       
    <listfields  orderType='DESC' >   
        <email list-width="5" />
        <group list-width="5" />

    </listfields>
    
        
    <group>
        <com_newsLetter title="newsletter" parent="yes" />
        <com_newsLetter_group title="newsletter groups"  />
    </group>
    

</root>


    

