<?xml version="1.0" encoding="UTF-8"?>
<!--
To change this template, choose Tools | Templates
and open the template in the editor.
-->




<root>
    <done> تم تحصيلها</done>
    <all> الاجمالى</all>
    <yet>يوم </yet>
    <user> مساهم</user>   <currency> ج.م</currency>        
    <nouser> كن أول متبرع</nouser>
     <endsoon>سينتهي قريباً‬‎</endsoon>
     <nodays>سينتهى اليوم </nodays>
      <oneday> يوم واحد باقى </oneday>
      <towday> باقى يومان </towday>
           <left>باقى </left>
         <nodonations>لا يوجد تبرعات  </nodonations>
      
      
      
</root>

    

