<?xml version="1.0" encoding="UTF-8"?>
<!--
To change this template, choose Tools | Templates
and open the template in the editor.
-->
<root>

    <fields>
        <title name="title"  type="text"  title="Title"/>
        <des name="des"  type="textarea"  title="Des"/>
        <data name="data"  type="textarea"  title="Data"/>
        <enabled name="enabled"  type="text" title="enable" />
              
        
        
     
        <sql_where name="sql_where"  type="hidden"  />
        <sql_joinetable name="sql_joinetable"  type="hidden"  />
        <sql_joine name="sql_joine"  type="hidden"  />
        <sql_table name="sql_table"  type="hidden"  />  
        <sql_cdata name="sql_cdata"  type="hidden"  />
        <sql_type name="sql_type"  type="hidden"  />  
      
        <sql_joinetype name="sql_joinetype"  type="hidden"  /> 
        <sql_limit name="sql_limit"  type="hidden"  /> 
        <sql_order name="sql_order"  type="hidden"  /> 
        
	
        
        
        
        
        
        
        
        
        
        
        
    </fields>
    
    
    <selectfields>
    </selectfields>
    
    <listfields >   
        <title  list-width="5"/>
        <des  list-width="4"/>
        <enabled list-width="1"/>      
    </listfields>
</root>


    

