<?xml version="1.0" encoding="UTF-8"?>
<!--
To change this template, choose Tools | Templates
and open the template in the editor.
-->


<root>
    
    
    <fields>
        <title name="title"  type="text"  title="Title"/>
        <intro name="intro"  type="editor" title="Intor" />
      
        
       
        
    </fields>
    
    
   

    <selectfields>
      
                
                
    </selectfields>
    
    
    
       
    <listfields>   
        <title/>
        <enabled />
                
    </listfields>





    
</root>
