<?xml version="1.0" encoding="UTF-8"?>
<!--
To change this template, choose Tools | Templates
and open the template in the editor.
-->
<root>
    
    <fields>
        

        <title name="title"  type="text"  title="title"/>
        <enable name="enable"  type="enable" title="enable" />
      
        
        
    </fields>
    
       
    <listfields  >   
        <title list-width="10" />
       
        
        
    </listfields>
    
   <group>
        <com_newsLetter title="newsletter" parent="yes" />
        <com_newsLetter_group title="newsletter groups"  />
    </group>
    
    

</root>


    

