<?xml version="1.0" encoding="UTF-8"?>
<!--
To change this template, choose Tools | Templates
and open the template in the editor.
-->
<root>

    <fields>
        <title name="title"  type="text"  title="Title"/>
        <enabled name="enabled"  type="enable" title="enable" />
        <data  name="data"  type="data" 
               file="wizard_data" 
               options="data"   
               title="Data"/>

    </fields>
    
    
    <selectfields>
    </selectfields>
    
    <listfields >   
        <title list-width="9"/>
        <enabled list-width="1"/>
    </listfields>
</root>


    

