<?xml version="1.0" encoding="UTF-8"?>
<!--
To change this template, choose Tools | Templates
and open the template in the editor.
-->


<root>
    <fields>
        <title name="title"  type="text"  title="title"/>
        <des name="des"  type="editor"  title="des"/>
        <data  name="data"  type="data"  title="data "/>
        
        <enabled name="enabled"  type="enable" title="enable" pclass='_50' />
    </fields>
    
   
    <selectfields>
        <title />    
        <enabled/>
    </selectfields>
    
    <listfields>   
        <title  list-width="9"/>
         <enabled list-width="1"/>
    </listfields>
    
   
</root>
