<?xml version="1.0" encoding="UTF-8"?>
<!--
To change this template, choose Tools | Templates
and open the template in the editor.
-->
<root>
    
    
   
    <fields>
        <title name="title"  type="text"  title="Status Title" pclass='col-10'/>
        <enabled name="enabled"  type="enable" title="enable" value='1'  pclass='col-2' />
        <line1  type="line" style='background-color:transparent' /> 



       

        <msg_circle name='msg_circle'  collapse="yes" type='block' title="Project Card Circle Message Properties"   />

       
        <view_msg name="view_msg"  type="enable" title="Show Msg Circle" value='0'
                  comment="Shows a circle with a message on it"
                  pclass='col-3' />
        <msg_hover name="msg_hover"  type="enable" title="Show Msg Circle on hover"
                   comment="This only works if Show Circle is enabled."                   
                   value='0'  pclass='col-3' />
        <msg name="msg"  type="text" title="Message" comment="This is the messasge that appears in the circle." pclass="col-6" />

        <usermsg name="usermsg"  type="text" title="UserMessage" comment="This is the messasge that appears in the circle." pclass="col-4" />


        <view_more name="view_more"  type="enable" title="View Highlighted Msg" 
                   comment="This shows a message in red color in the circle. This requires Show circle to be enabled." value='0'  pclass='col-4' />
        <view_more_text name="view_more_text"  type="text" title="View More Text" 
                        comment="This is the text that is shown if you enable View Highlighted Msg
" value='' pclass="col-4"/>
        
        <msg_end type='endblock'  name='msg_end'/>
        <project_card name='project_card'  collapse="yes" type='block' title="Project Card Properties"   />

        <line3  type="line" style='background-color:transparent' /> 
        <view_overlayer name="view_overlayer"  type="enable" title="View Color Overlayer" 
                        comment="Show a transparent over lay of color. If YES then it will show an overlay with a color that you have selected in Overlay Color" 
                        value='0'  pclass='col-2' />
        <overlayer_color  name="overlayer_color"  type="color" title="Overlayer Color" 
                          comment="Choose a color for the overlayer color. This option needs View Overlayer to be enabled."
                          pclass='col-2'  />
        <line4  type="line" style='background-color:transparent' /> 


        <is_link name="is_link"  type="enable" title="Is Clickable " value='0' 
                 comment="This option makes the project card clickable/not clickable"
                 pclass='col-3' />

        <show_reflection name="show_reflection"  type="enable" title="show reflection" value='0' 
                         comment="This option enables reflection on hover of the project card."                          
                         pclass='col-3' />
        
        <view_des name="view_des"  type="enable" title="View Description" value='0'  pclass='col-3' />
        <view_don_bar name="view_don_bar"  type="enable" title="View Donation bar " 
                      comment="This option enables/disables the donation status bar" value='0'  pclass='col-3' />
        
        
        
        
        
        
        
        
        
        
        <project_card_end name='project_card_end' type='endblock'    />

      
        
        
        
        
        <view_title 
            name="view_title"  
            type="enable" 
            title="view title" 
                      comment="" value='1'  pclass='col-4' />
        
        <view_loction 
            name="view_loction"  
            type="enable" value='1' 
            title="view loction"
            pclass='col-4' />
           <view_loction_hover 
            name="view_loction_hover"  
            type="enable" value='1' 
            title="view loction hover"
            pclass='col-4' />
        <bg_effect
            name="bg_effect"  
                   type="select"  
                   select_data="noeffet>>no effect;blur>>blur"
                title="Background Effect " 
                
                value='noeffet'
                comment=""   pclass='col-4' />
        
        
        
     
        
     

    </fields>
    



    
    

    <group>
        <com_project title="Projects" parent="yes" />
        <com_project_catgories title="Categories"  />
        <com_project_donations title="donations"  />
        <com_project_status title="Status"  />
        <com_project_setting title="Settings"  />
        
        <plg_rescores title="rescores" parent="yes" />
        
        
    </group>
   
    
    
    
       
    <listfields  >   
        <title list-width="8"/>
        <enabled list-width="2"/>
    </listfields>
    
    

</root>


    

