<?xml version="1.0" encoding="UTF-8"?>
<!--
To change this template, choose Tools | Templates
and open the template in the editor.
-->
<root>
    
    <fields>      
    
      
        <title name="title"    type="text"  title="Title" pclass='col-6'/>
        <mult  name="mult"  type="enable" title="mult" value="1" pclass='col-4' />
        <users     name="users"  type="enable" title="users" value="1" pclass='col-4'  />
        <enabled name="enabled"  type="enable" title="enable" value="1" pclass='col-4' />

    </fields>

 
    
    <selectfields>    
    </selectfields>
    
    <listfields orderType='DESC' history='yes'> 
          
        <title list-width="6" />
        <mult list-width="1" /> 
        <users list-width="1.5"/> 
  
        <enabled list-width="1.5"/>
    </listfields>
    
    
    
    
    
    <group>
        
        
        
        <com_html title="html"  parent="yes" />
        
        <com_html_categories title="category"  />
       
    </group>
   

</root>


    

