<?xml version="1.0" encoding="UTF-8"?>
<!--
To change this template, choose Tools | Templates
and open the template in the editor.
-->


<root>
    
    
    
    //	answer	enabled	delete	order	
    
    
    
    
    <fields>
      
        
        <title name="title"  type="text"  title="Title" />
        
        <question name="question"  type="text"  title="Question" />
   
                
                

        <answer name="answer"  type="textarea" title="Answer" />
        <order name="order"  type="order" title="Order" />
        
        
        <enabled name="enabled"  type="enable" title="enable" value='1' />
        
       
        <cat_id name="cat_id"  type="select" select_type='DB' 
                select_data="com_faq_categories" select_text='title' select_value='id'  title="Category" pclass='_50'/>
     
        
    </fields>
    
    
   

    <selectfields>
    
        <cat_id />   
                
    </selectfields>
    
    
    
    
    
    
    
  
    <group>
        <com_faq title="FAQ" parent="yes" />
        <com_faq_categories title="FAQ Categories"  />
    </group>
    
    
    
    <listfields>   
        <question list-width="4"/>
        <answer list-width="4"/>
        <order  list-width="1"/>
        <enabled  list-width="1"/>      
    </listfields>





    
</root>
