<?xml version="1.0" encoding="UTF-8"?>
<!--
To change this template, choose Tools | Templates
and open the template in the editor.
-->


     

<root>
    
    
    <Q></Q> 
    <A></A> 
    <reset>مسح </reset>
    <send>ارسال</send>
      
    <question>السؤال</question> 
        
    <answer>الاجابة</answer> 
    
    <addMessage> شكرا لك     تم أضافة السؤال بنجاح؟ سيتم الاجابة عليه فى أسرع وقت </addMessage> 
    
        
        
     
    
</root>

    

