<?xml version="1.0" encoding="UTF-8"?>
<!--
To change this template, choose Tools | Templates
and open the template in the editor.
-->
<root>
    
       <fields>
        
   
        
        <title  name="title"  type="text"  title="Title" pclass='col-6' comment="Product title" lang="true"/>
        <alias name="alias"  type="text"  title="Alias" pclass='col-6' comment="Alias for the http link. Commas, slashes, special characters not allowed. Seperate whitespaces with a hyphen."/>
      

        
       
        <line1  type="line" style='background-color:transparent' /> 

        <image  name="image"  type="pic" title="TH image" pclass='col-6' comment="Thumbnail image"/>
        <th_image name="th_image"  type="pic"  title="Image" pclass='col-6' comment="Larger image" />
        <line2  type="line" style='background-color:transparent'  />
        

        
        <main_cat  
           
            name="main_cat" 
            type="select" 
            select_type='DB' 
            select_data="com_project_catgories"
            select_text='title' 
            select_value='id'  
            title="Main Category"  pclass='col-6' 
            tree='yes'
            comment="Main category"
            
        />
        
        
        
           <cat_id 
            name="cat_id" 
            type="list" 
            select_type='DB' 
            select_data="com_project_catgories" 
            select_text='title' 
            select_value='id'  
      
            title="Other Categories" 
            pclass='col-6' 
            comment="Additional categories."     
            xref="com_project_xref" 

           />
       
           
           
        
           
           
        
        

        <line3  type="line" style='background-color:transparent' /> 
       



        
        
      <!--  
        <plg_priceing name="plg_priceing"  type="plugin" title="Donation Choices" pclass="col-6"  collapse="yes" comment="Enter upto 6 donation options" />
        <plg_sponsor name="plg_rescores"  type="plugin" title="Sponsor" pclass="col-6"  collapse="yes" comment="Add sponsors of the project here" />
        <line4  type="line" style='background-color:transparent' /> 
        <req_donations name="req_donations"  type="text" title="req donations" pclass='col-4' />
        <creation_date name="creation_date"  type="date"  title="Creation date" pclass='col-4'/>
        <end_data name="end_data"  type="date" title="end data" pclass='col-4' />
        <location name="location" type="select"  select_type="egstates"  title="Governorate" pclass='col-6' comment="Select the  appropriate governorate "/>
   
        <location2 name="location2"  title="City"  type="select"    depend_on="location" depend_source="xml" comment="Select the city in the selected governorate"  pclass='col-6'/>
       --> 
        <countries name="countries[]"  title="Origin of product"  type="list"  select_type="countries"  comment="Select the countries of origin"  pclass='col-6'/>

        <!--  
           <project_status 
           
            name="project_status" 
            type="select" 
            select_type='DB' 
            select_data="com_project_status"
            select_text='title' 
            select_value='id'  
            title="status" 
               pclass='col-4' 
            
         
            
        />
        
       -->
        
        <order name="order"  type="order" title="order" pclass='col-4' />
        
        <enabled name="enabled"  type="enable" title="Enable"  pclass='col-4' value='1'/>
       
        
     <!--   
        <video   name="video"  type="textarea"   title="video url" />
        -->
       <des   name="des"  type="editor" editor_type="full"  title="Description"  />
       
           <short_des   name="short_des"  type="editor" editor_type="full"  title="Qaulity" lang="true" />
            <!--  <map_position name="map_position"  type="map" title="Position" zoom="1" center="[30.04769908451693, 30.95947265625]" />
 <zoom name="zoom"  type="input" title="map zoom" />

 
 <plg_PageData name="plg_PageData"  type="plugin"   title="page Data" />-->
   </fields>
    
    
    
        
    <listfields  orderType='DESC'>   
        <title list-width="4"  />
        <image  list-width="1" />
        <cat_id list-width="1.5" />
        <creation_date list-width="1.5" />
        <order list-width="1" />
        <enabled list-width="1" />
        
    </listfields>
    
    
    
    
    


    <selectfields>
        <main_cat/>
      <!--  <author/> 
 
        <enabled />-->
    </selectfields>
   
   
   
   
    <children>      
    </children>
    
    
    <group>
        <com_project title="Projects" parent="yes" />
        <com_project_catgories title="Categories"  />
      <!--  <com_project_donations title="donations"  />
        <com_project_status title="Status"  />
        <com_project_setting title="Settings"  />
        
        <plg_rescores title="rescores" parent="yes" />
        -->
        
    </group>
</root>
