<?xml version="1.0" encoding="UTF-8"?>
<!--
To change this template, choose Tools | Templates
and open the template in the editor.
-->
<root>
    
    <fields>
        <title name="title"  type="text"  title="Title"/>
       
        <dec name="dec"  type="tinyeditor" title="Dec" />
        <order name="order"  type="order" title="Order" />
        <enabled name="enabled"  type="enable" title="enable" value='1'  />
    </fields>
    



    

      
    <group>
        <com_reservations title="reservations" parent="yes" />
        <com_reservations_status title="reservations status"  />
    </group>
    

    
    
       
    <listfields   >   
        <title list-width="9"/>
      
        <enabled list-width="1"/>
    </listfields>
    
    

</root>


    

