<?xml version="1.0" encoding="UTF-8"?>
<!--
To change this template, choose Tools | Templates
and open the template in the editor.
-->
<root>
    
    <fields>
        <title name="title"  type="text"  title="Type"/>
        <enabled name="enabled"  type="enable" title="enable" />
        <order name="order"  type="order" title="order" />
    </fields>
    


    <selectfields>
     
    </selectfields>
    
    
    
       
    <listfields>   
        <title  list-width="9"/>
        <enabled  list-width="1"/>
      
    
    </listfields>
    
  
      <group>
        <plg_cshow title="cshow" parent="yes" />
        <plg_cshow_categories title="plg_cshow categories"  />
    </group>
    
    

</root>


    

