<?xml version="1.0" encoding="UTF-8"?>
<!--
To change this template, choose Tools | Templates
and open the template in the editor.
-->
<root>
    <fields>

        <vid_id 
            name="vid_id"  
            type="select" 
            select_type='DB' 
            select_data="com_video_gallery" 
            select_text='title' select_value='id'  
            title="video" 
            comment="select video"/>
        <videowidth name='videowidth' title='Video Width' type='number' comment='Specify video Width' />
         <maxTitle name="maxTitle"  type="input" title="Max Title words" comment="Max Title words" />

        <videoheight name='videoheight' title='Video height' type='number' comment='Specify video height' />
        
        <viewdatatitle 
            name="viewdatatitle"  
            type="enable" 
            title='View Title' 
            
            
        />
        <viewdes 
            name="viewdes"  
            type="enable"
            title='View des'   
          
            
        />
        
        
   
    </fields>
</root>