<?xml version="1.0" encoding="UTF-8"?>
<!--
To change this template, choose Tools | Templates
and open the template in the editor.
-->
<root>
    <fields>
         
        
        <title name="title"  type="text"  title="Title" pclass='_50' />

        <messages 
            name="messages" 
            type="select" 
            select_type='DB' 
            select_data="com_products_categories" 
            select_text='name' 
            select_value='id'  
            title="Category"   
            pclass='col-6'
        
        />
              <cartsetting
            name="cartsetting" 
            type="select" 
            select_type='DB' 
            select_data="com_products_setting" 
            select_text='title' 
            select_value='id'  
            title="cart setting"   
            pclass='col-6'
        
        />
        
        
        
        <enabled name="enabled"  type="enable" title="Enable"    pclass='col-6' value='1' />

    </fields>
    

  
        
    <listfields >   
        <title list-width="9"  />
        <enabled list-width="1"  />
    </listfields>
    
    
    
    
    



    <selectfields>
        <cat_id/>
        
        
        
    </selectfields>
   
   
    <group>
        <com_project title="project" parent="yes" />
   
        <com_project_catgories title="Categories "  />
        <com_project_setting title="setting "  />
    </group>
   
    

    
    

</root>


    

