<?xml version="1.0" encoding="UTF-8"?>
<!--
To change this template, choose Tools | Templates
and open the template in the editor.
-->


     

<root>
    
    <search>بحث </search>
    <searchInput>بحث...</searchInput>
      
      
         
    <news>الاخبار </news>
    <products>المنتجات </products>
    <images>معرض الصور </images>
    <videos>معرض الفيديو </videos>
    <emmsg>من فضلك ادخل الكلمة المراد البحث عنها</emmsg>
    
        
        
     
    
</root>

    

