<?xml version="1.0" encoding="UTF-8"?>
<!--
To change this template, choose Tools | Templates
and open the template in the editor.
-->
<root>
    
    <fields>
        <title name="title"  type="text"  title="Title"/>
        <enabled name="enabled"  type="enable" title="enable" value='1' />
    </fields>
    



    

    <group>
        <fiz_reservations title="Reservations" parent="yes" />
        <fiz_approved_status title="approved_status"  />
    </group>
    
    
       
    <listfields  >   
        <title  list-width="9"/>
        <enabled list-width="1"/>
    </listfields>
    
    

</root>


    

