<?xml version="1.0" encoding="UTF-8"?>
<!--
To change this template, choose Tools | Templates
and open the template in the editor.
-->


     


<root>
    <products>products</products> 
    
    <origin>origin :</origin>   
    <quality>quality :</quality>
    
    <closeVideoShaerMsg>لا شكر لا أريد المشاركة</closeVideoShaerMsg>
    <videoShaerMsg> إذا أعجبك الفيديو من فضلك شارك أصحابك   </videoShaerMsg>   
    
    
    <project> المشروع</project>
    <comment> التعليقات</comment>
    <priceTitle>خيارات المساهمة</priceTitle>
    <delete> حذف</delete>
    
    <users>المساهمين فى المشروع</users>
    <map>عنوان المشروع </map>
    
    <selectcat>الهدف</selectcat>
    <selectloction>المحافظة</selectloction>
    <selectdon>نسبة التبرع</selectdon>
    <selectdate>تاريخ أضافة المشروع</selectdate>
    <selectupdate>المشروعات المحدثة</selectupdate>
  
    <currency> ج.م</currency>
    <nouser> كن أول متبرع</nouser>
    <search> بحث</search>
    <done> تم تحصيلها</done>
    <all> الاجمالى</all>
    <yet> يوم </yet>
    <user> متبرغ</user>   
    <currency> ج.م</currency>        
    <oneday> يوم واحد باقى </oneday>
    <nodays>سينتهى اليوم </nodays>
    <view_more> المزيد +</view_more>
    <towday> باقى يومان </towday>
    <endsoon>سينتهي قريباً‬‎</endsoon>
    <more>  مبالغ أخرى </more>
    <left>باقى </left>
       
    <gomore>  + المزيد </gomore>
    
    <sorcetitle>  هذا المشورع برعاية </sorcetitle>
    
    <moremsg2>ساهم باي مبلغ (ابتداء من خمسين جنية او اكثر)</moremsg2>
    <moremsg1>ادخل قيمة المساهمة</moremsg1>
    
    
    <searchmsg>عرض نتا ئج البحث المتعلقة بكلمة</searchmsg>
    
    
    
    
       <products>منتجات</products> 
    
       <origin>المنشأ  :</origin>   <quality>الانواع :</quality>
    
    
    
</root>

    

