<?xml version="1.0" encoding="UTF-8"?>
<!--
To change this template, choose Tools | Templates
and open the template in the editor.
-->
<root>
    
    <fields>
        <title name="title"  type="text"  title="title" pclass='col-6'/>
        <line1  type="line" style='background-color:transparent' /> 

        <code  name="code"  type="text" title="code" pclass='col-6' />
        <line2  type="line" style='background-color:transparent' /> 
       
        <enabled name="enabled"  type="enable" title="Enable"  value='1' pclass='col-6' />
        
    </fields>
    


    <selectfields>
    </selectfields>
    
    <children>
    </children>
    
 
    <group>
     
    </group>
    
       
    <listfields>   
      
        <title  list-width="4" />
        <code list-width="4"  />
        <enabled list-width="1" />
       
        
    </listfields>
    
    

</root>


    

