<?xml version="1.0" encoding="UTF-8"?>
<!--
To change this template, choose Tools | Templates
and open the template in the editor.
-->
<root>
    
    <fields>
        <title name="title"  type="text"  title="Title" pclass='col-6' />
        <alias name="alias"  type="text"  title="alias" pclass='col-6' />

        
        <type name="type"  title="type"   type="select" select_data="get>>urlget;post>>urlpost;session>>session;normal>>normal" value='normal' pclass='col-6' />

        
        <enabled name="enabled"  type="enable" title="enable"  pclass='col-6' />
        <order name="order"  type="order" title="Order" pclass='col-6'  />

        
        
        
        <other name='other'  collapse="yes" type='block' title="Other"  /> 
        
        
        <language  name="language"  type="select"  title="language" select_type='language'/>

        
        
        <currency_code name="currency_code"  type="text"  title="currency code"/>
        <currency_symbol name="currency_symbol"  type="text"  title="currency symbol"/>	
        <image  name="image"  type="pic" title="image" />
        <Data_permissionEnd type='endblock'  name='endOther' />

    </fields>
    



    
 
    <group>
        <com_site_status title="cities"/>

    </group>
    

    
       
    <listfields  multiLevel="yes" >   
     
        <title  list-width="6"/>
        <type  list-width="1"/>
        <image  list-width="1"/>
        <order  list-width="1"/>
        <enabled  list-width="1"/>
    </listfields>
    
    

</root>


    

