<?xml version="1.0" encoding="UTF-8"?>
<!--
To change this template, choose Tools | Templates
and open the template in the editor.
-->
<root>

    
    
    
    
    

    <fields>
        

        
        
        
        
        <reservation_id name="reservation_id"  type="text"  title="reservation_id"/> 
        <email name="email"  type="text"  title="email"/> 

        <mobile name="mobile"  type="text"  title="mobile"/> 

        <arriving_from name="arriving_from"  type="text"  title="arriving_from"/> 
        <remarks name="remarks"  type="textarea"  title="remarks"/> 

        <user_id  
            name="user_id" 
            type="select" 
            select_type='DB' 
            select_data="com_users"
            select_text='name' 
            select_value='id'  
            title="Users"  
            pclass='col-6' 
            tree='yes'
            
        />
        
        <xrefcat_id 
            name="xrefcat_id"  
            type="getXrefData" 
            title="Order" 
            getData= "fiz_extension"
            pclass='_100'
            xrefmyid="reservation_id"
            xrefIdField="reservation_id"  
            xrefType="o2m"
            
        /> 
      
        
        
        
        
        
        
        
        
        
    </fields>
    
    
    <selectfields>
    </selectfields>
    
    <listfields >   
        <reservation_id  list-width="5"/>
        <user_id list-width="1"/>
        <email list-width="1"/>

        <mobile list-width="1"/>
        <remarks list-width="1"/>


        <xrefcat_id list-width="11"/>
        
    </listfields>
    
   
</root>


    

