<?xml version="1.0" encoding="UTF-8"?>
<!--
To change this template, choose Tools | Templates
and open the template in the editor.
-->




<root>
    <title>Coming Soon</title>
    <note1>
        مدد هو موقع الكتروني يعمل على توفير دليل للمشروعات التنموية في مصر والتي تساهم في توفير حلول لمشاكل تنموية في مجالات مختلفة. من خلال الموقع يستطيع المستخدم اختيار المشروع المناسب، دعم المشروع، ومتابعة مراحل تنفيذ المشروع.
        

        
    </note1> 
    <title1> قم بإدخال كود الدعوة للدخول حصريا على الموقع </title1>
    <note2>
        Madad is an online platform that provides a directory of development projects across Egypt that address different causes of interest. Allowing users to choose a project they prefer, donate to the project, and track the execution of the project. 
    </note2> 
    <title2>
        Enter your invitation code to get exclusive access to the website

    </title2>
</root>

    

