<?xml version="1.0" encoding="UTF-8"?>
<!--
To change this template, choose Tools | Templates
and open the template in the editor.
-->


     


<root>
    <tag> تاج  </tag>
    <pric>السعر </pric>
    <brand>الماركة</brand>
    <tocart>أضافة الى السلة</tocart>
    <showCart>عرض السلة </showCart>
    <Quantity>الكمية</Quantity>
    <update> تحديث </update>
    <delet> حذف </delet>
         
    <addToCartMsg>   تم أضافة المنتج الى السلة.   </addToCartMsg>
    
    <deleteFromCartMsg>تم حذف المنتج من السلة.</deleteFromCartMsg>
     
     
     
     
    <deleteFromCartConfirmMsg>هل تريد حذف المنتج .</deleteFromCartConfirmMsg>
    
    <redirectMsge>Please wait while we redirect you to your order page...</redirectMsge>
        
    <thanksMsg>Thanks! Your order number is : @%order_id%@  and it will ship in 3 days.</thanksMsg>
    <paymethod>2Checkout Order ID: @%session::pay_order_number%@</paymethod>
       <shippingMsg>3 days - standard</shippingMsg>
</root>

    

