<?xml version="1.0" encoding="UTF-8"?>
<!--
To change this template, choose Tools | Templates
and open the template in the editor.
-->
<root>
    
    <fields>
    
        <res_id name="res_id"  type="text"  title="res_id"/>
        
        
        <status name="checkin"  type="text"  title="checkin"/>
        
        
        <status 
            name="status" 
            type="select" 
            select_type='DB' 
            select_data="com_reservations_status" 
            select_text='title' 
            select_value='id'  
            title="status"   
     
        
        />
       
        
        
        
        <checkin name="checkin"  type="text"  title="checkin"/>

        <checkout name="checkout"  type="text"  title="checkout"/>

        <Nights name="Nights"  type="text"  title="Nights"/>

        <arrival name="arrival"  type="text"  title="arrival"/>

        <arrival_am name="arrival_am"  type="text"  title="arrival_am"/>
        <departure_am name="departure_am"  type="text"  title="departure_am"/>
        <carriernumber name="carriernumber"  type="text"  title="carriernumber"/>
        <carrierdetails name="carrierdetails"  type="text"  title="carrierdetails"/>
        <arrivalfrom name="arrivalfrom"  type="text"  title="arrivalfrom"/>
        <touroperator name="touroperator"  type="text"  title="touroperator"/>
        <emailadd name="emailadd"  type="text"  title="emailadd"/>
        <mobile_number name="mobile_number"  type="text"  title="mobile_number"/>
        <moreinfo name="moreinfo"  type="text"  title="moreinfo"/>
        <enabled name="enabled"  type="enable" title="enable" />
    </fields>
    


    <selectfields>
        <status/>
    </selectfields>
    
    <listfields>         
        <res_id list-width="1.5"/>
        <status list-width="1.5"/>     
        <checkin list-width="1.5"/>
        <checkout list-width="1.5"/>
        <emailadd list-width="4"/>
    </listfields>
    
    <group>
        <com_reservations title="reservations" parent="yes" />
        <com_reservations_status title="reservations status"  />
    </group>

</root>


    

